,pred_buca
2019-11-28 00:00:00,0.269230178781293
2019-11-28 00:02:00,0.28235325960206786
2019-11-28 00:04:00,0.2954357379566671
2019-11-28 00:06:00,0.308472616192787
2019-11-28 00:08:00,0.3214589608215656
2019-11-28 00:10:00,0.3343899101072191
2019-11-28 00:12:00,0.3472606748683949
2019-11-28 00:14:00,0.3600665455398426
2019-11-28 00:16:00,0.37280288822570307
2019-11-28 00:18:00,0.3854651502647795
2019-11-28 00:20:00,0.3980488654678519
2019-11-28 00:22:00,0.41054964960716306
2019-11-28 00:24:00,0.42296320630729894
2019-11-28 00:26:00,0.4352853263742519
2019-11-28 00:28:00,0.4475118931284538
2019-11-28 00:30:00,0.45963887720732843
2019-11-28 00:32:00,0.4716623404963634
2019-11-28 00:34:00,0.4835784397097348
2019-11-28 00:36:00,0.4953834207427908
2019-11-28 00:38:00,0.5070736229225665
2019-11-28 00:40:00,0.5186454770574996
2019-11-28 00:42:00,0.5300955091569434
2019-11-28 00:44:00,0.541420334290195
2019-11-28 00:46:00,0.552616659059086
2019-11-28 00:48:00,0.5636812837253637
2019-11-28 00:50:00,0.5746110957898125
2019-11-28 00:52:00,0.585403071927591
2019-11-28 00:54:00,0.5960542795868572
2019-11-28 00:56:00,0.6065618703713742
2019-11-28 00:58:00,0.6169230823638747
2019-11-28 01:00:00,0.6271352369503249
2019-11-28 01:02:00,0.6371957407150749
2019-11-28 01:04:00,0.6471020786962199
2019-11-28 01:06:00,0.6568518153194296
2019-11-28 01:08:00,0.6664425950238684
2019-11-28 01:10:00,0.6758721355241294
2019-11-28 01:12:00,0.6851382291994055
2019-11-28 01:14:00,0.6942387395706094
2019-11-28 01:16:00,0.7031716023524351
2019-11-28 01:18:00,0.7119348188571847
2019-11-28 01:20:00,0.7205264563021504
2019-11-28 01:22:00,0.7289446478430999
2019-11-28 01:24:00,0.7371875861799683
2019-11-28 01:26:00,0.7452535243760785
2019-11-28 01:28:00,0.75314077240597
2019-11-28 01:30:00,0.7608476977254355
2019-11-28 01:32:00,0.7683727192641017
2019-11-28 01:34:00,0.7757143074622768
2019-11-28 01:36:00,0.7828709840654194
2019-11-28 01:38:00,0.7898413164870653
2019-11-28 01:40:00,0.7966239183854361
2019-11-28 01:42:00,0.803217446645382
2019-11-28 01:44:00,0.8096206017785064
2019-11-28 01:46:00,0.815832122873129
2019-11-28 01:48:00,0.8218507876564267
2019-11-28 01:50:00,0.8276754123378833
2019-11-28 01:52:00,0.8333048470593893
2019-11-28 01:54:00,0.8387379764854788
2019-11-28 01:56:00,0.8439737174989854
2019-11-28 01:58:00,0.8490110196649908
2019-11-28 02:00:00,0.853848861412157
2019-11-28 02:02:00,0.8584862503315912
2019-11-28 02:04:00,0.8629222232699522
2019-11-28 02:06:00,0.8671558430969009
2019-11-28 02:08:00,0.8711861994762387
2019-11-28 02:10:00,0.8750124074575769
2019-11-28 02:12:00,0.8786336081460218
2019-11-28 02:14:00,0.88204896628606
2019-11-28 02:16:00,0.8852576709148867
2019-11-28 02:18:00,0.8882589358112155
2019-11-28 02:20:00,0.891051997707589
2019-11-28 02:22:00,0.893636117108594
2019-11-28 02:24:00,0.8960105789016375
2019-11-28 02:26:00,0.8981746912031527
2019-11-28 02:28:00,0.9001277864942983
2019-11-28 02:30:00,0.9018692216152788
2019-11-28 02:32:00,0.9033983787922494
2019-11-28 02:34:00,0.904714665324977
2019-11-28 02:36:00,0.90581751476982
2019-11-28 02:38:00,0.9067063879010927
2019-11-28 02:40:00,0.9073807730183023
2019-11-28 02:42:00,0.9078401872912464
2019-11-28 02:44:00,0.9080841776976869
2019-11-28 02:46:00,0.9081123222280887
2019-11-28 02:48:00,0.9079242309915854
2019-11-28 02:50:00,0.9075195476723612
2019-11-28 02:52:00,0.9068979507414003
2019-11-28 02:54:00,0.9060591551332542
2019-11-28 02:56:00,0.9050029136765122
2019-11-28 02:58:00,0.9037290188534592
2019-11-28 03:00:00,0.9022373040406848
2019-11-28 03:02:00,0.9005276458986465
2019-11-28 03:04:00,0.8985999659411861
2019-11-28 03:06:00,0.8964542318305555
2019-11-28 03:08:00,0.8940904602585731
2019-11-28 03:10:00,0.891508718275318
2019-11-28 03:12:00,0.8887091256822274
2019-11-28 03:14:00,0.8856918561072054
2019-11-28 03:16:00,0.8824571404745994
2019-11-28 03:18:00,0.8790052684699357
2019-11-28 03:20:00,0.8753365896959074
2019-11-28 03:22:00,0.8714515175281771
2019-11-28 03:24:00,0.8673505301041073
2019-11-28 03:26:00,0.8630341731040616
2019-11-28 03:28:00,0.8585030604129664
2019-11-28 03:30:00,0.8537578784085379
2019-11-28 03:32:00,0.8487993870586036
2019-11-28 03:34:00,0.843628420673972
2019-11-28 03:36:00,0.8382458924550082
2019-11-28 03:38:00,0.8326527948658682
2019-11-28 03:40:00,0.8268502025150467
2019-11-28 03:42:00,0.8208392721246481
2019-11-28 03:44:00,0.8146212473283082
2019-11-28 03:46:00,0.8081974591106864
2019-11-28 03:48:00,0.8015693258691632
2019-11-28 03:50:00,0.7947383583280156
2019-11-28 03:52:00,0.7877061596050041
2019-11-28 03:54:00,0.7804744248877278
2019-11-28 03:56:00,0.773044946401149
2019-11-28 03:58:00,0.7654196124007256
2019-11-28 04:00:00,0.7576004096484527
2019-11-28 04:02:00,0.7495894218979918
2019-11-28 04:04:00,0.7413888348359531
2019-11-28 04:06:00,0.7330009350757596
2019-11-28 04:08:00,0.7244281087398646
2019-11-28 04:10:00,0.7156728463103423
2019-11-28 04:12:00,0.7067377403277537
2019-11-28 04:14:00,0.6976254872119172
2019-11-28 04:16:00,0.6883388844002228
2019-11-28 04:18:00,0.678880834988356
2019-11-28 04:20:00,0.669254345406328
2019-11-28 04:22:00,0.6594625226768407
2019-11-28 04:24:00,0.6495085788378206
2019-11-28 04:26:00,0.6393958271432277
2019-11-28 04:28:00,0.6291276829750254
2019-11-28 04:30:00,0.6187076594601032
2019-11-28 04:32:00,0.6081393715325261
2019-11-28 04:34:00,0.5974265321282537
2019-11-28 04:36:00,0.5865729479774278
2019-11-28 04:38:00,0.575582523354347
2019-11-28 04:40:00,0.5644592546781532
2019-11-28 04:42:00,0.5532072303521498
2019-11-28 04:44:00,0.5418306247975067
2019-11-28 04:46:00,0.5303337017480881
2019-11-28 04:48:00,0.5187208089210719
2019-11-28 04:50:00,0.5069963723263995
2019-11-28 04:52:00,0.49516489920457013
2019-11-28 04:54:00,0.48323097106344026
2019-11-28 04:56:00,0.4711992424069743
2019-11-28 04:58:00,0.4590744332704844
2019-11-28 05:00:00,0.44686133168290104
2019-11-28 05:02:00,0.43456478692267253
2019-11-28 05:04:00,0.42218970248231313
2019-11-28 05:06:00,0.40974103818983926
2019-11-28 05:08:00,0.3972238018815464
2019-11-28 05:10:00,0.3846430471335098
2019-11-28 05:12:00,0.372003864550005
2019-11-28 05:14:00,0.35931138347452524
2019-11-28 05:16:00,0.3465707641085012
2019-11-28 05:18:00,0.3337871894361779
2019-11-28 05:20:00,0.32096586667613386
2019-11-28 05:22:00,0.3081120190385567
2019-11-28 05:24:00,0.29523087733788395
2019-11-28 05:26:00,0.28232768123859725
2019-11-28 05:28:00,0.2694076696600132
2019-11-28 05:30:00,0.2564760775902922
2019-11-28 05:32:00,0.24353812635526706
2019-11-28 05:34:00,0.23059902469066798
2019-11-28 05:36:00,0.2176639600324356
2019-11-28 05:38:00,0.2047380897900173
2019-11-28 05:40:00,0.19182654237475588
2019-11-28 05:42:00,0.1789344073925198
2019-11-28 05:44:00,0.16606673235539998
2019-11-28 05:46:00,0.15322851295081288
2019-11-28 05:48:00,0.14042469413831074
2019-11-28 05:50:00,0.12766016158137725
2019-11-28 05:52:00,0.11493973319880989
2019-11-28 05:54:00,0.10226816041277711
2019-11-28 05:56:00,0.08965011878532564
2019-11-28 05:58:00,0.0770902051640889
2019-11-28 06:00:00,0.06459292861584137
2019-11-28 06:02:00,0.05216271201109503
2019-11-28 06:04:00,0.039803884247317935
2019-11-28 06:06:00,0.02752067272401251
2019-11-28 06:08:00,0.015317205278091666
2019-11-28 06:10:00,0.0031975019260679525
2019-11-28 06:12:00,-0.008834527016656376
2019-11-28 06:14:00,-0.02077508869331163
2019-11-28 06:16:00,-0.032620505181487056
2019-11-28 06:18:00,-0.0443672198688879
2019-11-28 06:20:00,-0.0560118034636563
2019-11-28 06:22:00,-0.06755095094827886
2019-11-28 06:24:00,-0.07898148815002713
2019-11-28 06:26:00,-0.0903003721856463
2019-11-28 06:28:00,-0.1015046973715188
2019-11-28 06:30:00,-0.11259169139615778
2019-11-28 06:32:00,-0.12355871981097645
2019-11-28 06:34:00,-0.13440329007403254
2019-11-28 06:36:00,-0.1451230470899987
2019-11-28 06:38:00,-0.15571577767496025
2019-11-28 06:40:00,-0.16617940925672367
2019-11-28 06:42:00,-0.1765120135847725
2019-11-28 06:44:00,-0.18671180139498764
2019-11-28 06:46:00,-0.19677712473199876
2019-11-28 06:48:00,-0.2067064787849066
2019-11-28 06:50:00,-0.21649849589421918
2019-11-28 06:52:00,-0.226151946919434
2019-11-28 06:54:00,-0.23566574211729094
2019-11-28 06:56:00,-0.2450389245100902
2019-11-28 06:58:00,-0.2542706710816628
2019-11-28 07:00:00,-0.2633602888829262
2019-11-28 07:02:00,-0.27230721547785314
2019-11-28 07:04:00,-0.2811110115222622
2019-11-28 07:06:00,-0.28977136000003395
2019-11-28 07:08:00,-0.2982880649972063
2019-11-28 07:10:00,-0.3066610437586953
2019-11-28 07:12:00,-0.314890325786633
2019-11-28 07:14:00,-0.3229760473992814
2019-11-28 07:16:00,-0.330918450182393
2019-11-28 07:18:00,-0.33871787247578306
2019-11-28 07:20:00,-0.3463747468251368
2019-11-28 07:22:00,-0.3538895970416154
2019-11-28 07:24:00,-0.3612630293750691
2019-11-28 07:26:00,-0.3684957299655338
2019-11-28 07:28:00,-0.3755884583409921
2019-11-28 07:30:00,-0.3825420443932391
2019-11-28 07:32:00,-0.38935737930999037
2019-11-28 07:34:00,-0.39603541181340235
2019-11-28 07:36:00,-0.4025771441085441
2019-11-28 07:38:00,-0.4089836227798851
2019-11-28 07:40:00,-0.4152559352451605
2019-11-28 07:42:00,-0.42139520284829707
2019-11-28 07:44:00,-0.4274025770535139
2019-11-28 07:46:00,-0.43327923049990863
2019-11-28 07:48:00,-0.43902635274715657
2019-11-28 07:50:00,-0.44464514585027665
2019-11-28 07:52:00,-0.4501368156902527
2019-11-28 07:54:00,-0.4555025681897752
2019-11-28 07:56:00,-0.4607436027428334
2019-11-28 07:58:00,-0.46586110840014167
2019-11-28 08:00:00,-0.4708562557750173
2019-11-28 08:02:00,-0.47573019306644915
2019-11-28 08:04:00,-0.4804840420294165
2019-11-28 08:06:00,-0.4851188904606244
2019-11-28 08:08:00,-0.4896357889389365
2019-11-28 08:10:00,-0.49403574531681704
2019-11-28 08:12:00,-0.4983197216400797
2019-11-28 08:14:00,-0.5024886275871743
2019-11-28 08:16:00,-0.5065433174802335
2019-11-28 08:18:00,-0.5104845873428149
2019-11-28 08:20:00,-0.5143131691732222
2019-11-28 08:22:00,-0.5180297285596076
2019-11-28 08:24:00,-0.5216348623748078
2019-11-28 08:26:00,-0.525129093968337
2019-11-28 08:28:00,-0.5285128717487811
2019-11-28 08:30:00,-0.5317865661977561
2019-11-28 08:32:00,-0.5349504688374059
2019-11-28 08:34:00,-0.5380047887478181
2019-11-28 08:36:00,-0.5409496518845982
2019-11-28 08:38:00,-0.5437851005241995
2019-11-28 08:40:00,-0.546511090825216
2019-11-28 08:42:00,-0.549127493165539
2019-11-28 08:44:00,-0.5516340913257988
2019-11-28 08:46:00,-0.5540305832611776
2019-11-28 08:48:00,-0.556316580081319
2019-11-28 08:50:00,-0.5584916072616952
2019-11-28 08:52:00,-0.5605551059851003
2019-11-28 08:54:00,-0.5625064331780901
2019-11-28 08:56:00,-0.5643448636704717
2019-11-28 08:58:00,-0.5660695915756361
2019-11-28 09:00:00,-0.567679732847412
2019-11-28 09:02:00,-0.5691743266758028
2019-11-28 09:04:00,-0.5705523384959915
2019-11-28 09:06:00,-0.5718126630841083
2019-11-28 09:08:00,-0.5729541269099804
2019-11-28 09:10:00,-0.5739754918992753
2019-11-28 09:12:00,-0.5748754587680125
2019-11-28 09:14:00,-0.5756526710643707
2019-11-28 09:16:00,-0.5763057186805737
2019-11-28 09:18:00,-0.5768331422940263
2019-11-28 09:20:00,-0.5772334378128207
2019-11-28 09:22:00,-0.577505060649645
2019-11-28 09:24:00,-0.5776464306157342
2019-11-28 09:26:00,-0.577655936736769
2019-11-28 09:28:00,-0.5775319422465233
2019-11-28 09:30:00,-0.5772727897106328
2019-11-28 09:32:00,-0.576876806322092
2019-11-28 09:34:00,-0.576342309092061
2019-11-28 09:36:00,-0.5756676104750726
2019-11-28 09:38:00,-0.5748510237445977
2019-11-28 09:40:00,-0.5738908686595445
2019-11-28 09:42:00,-0.5727854767240138
2019-11-28 09:44:00,-0.5715331972901114
2019-11-28 09:46:00,-0.5701324030038377
2019-11-28 09:48:00,-0.5685814950265269
2019-11-28 09:50:00,-0.5668789093508269
2019-11-28 09:52:00,-0.5650231220855918
2019-11-28 09:54:00,-0.5630126544659602
2019-11-28 09:56:00,-0.5608460792604014
2019-11-28 09:58:00,-0.5585220255616854
2019-11-28 10:00:00,-0.5560391844637566
2019-11-28 10:02:00,-0.5533963134286
2019-11-28 10:04:00,-0.5505922426342056
2019-11-28 10:06:00,-0.5476258793849589
2019-11-28 10:08:00,-0.5444962121413484
2019-11-28 10:10:00,-0.541202316699052
2019-11-28 10:12:00,-0.5377433597354042
2019-11-28 10:14:00,-0.5341186037187051
2019-11-28 10:16:00,-0.5303274098551063
2019-11-28 10:18:00,-0.5263692438974544
2019-11-28 10:20:00,-0.522243679083797
2019-11-28 10:22:00,-0.5179503986167423
2019-11-28 10:24:00,-0.5134892011029792
2019-11-28 10:26:00,-0.5088600023268484
2019-11-28 10:28:00,-0.5040628389124643
2019-11-28 10:30:00,-0.4990978693811737
2019-11-28 10:32:00,-0.49396537900461085
2019-11-28 10:34:00,-0.48866578085812734
2019-11-28 10:36:00,-0.4831996163737664
2019-11-28 10:38:00,-0.4775675597034031
2019-11-28 10:40:00,-0.47177041740026515
2019-11-28 10:42:00,-0.46580913055175965
2019-11-28 10:44:00,-0.4596847736996434
2019-11-28 10:46:00,-0.4533985585137879
2019-11-28 10:48:00,-0.4469518327729316
2019-11-28 10:50:00,-0.4403460788451358
2019-11-28 10:52:00,-0.4335829168379099
2019-11-28 10:54:00,-0.42666410210508393
2019-11-28 10:56:00,-0.4195915257844339
2019-11-28 10:58:00,-0.4123672115712039
2019-11-28 11:00:00,-0.4049933181896382
2019-11-28 11:02:00,-0.39747213634625517
2019-11-28 11:04:00,-0.38980608522324434
2019-11-28 11:06:00,-0.38199771447337627
2019-11-28 11:08:00,-0.37404969969937063
2019-11-28 11:10:00,-0.3659648415334933
2019-11-28 11:12:00,-0.35774606047713514
2019-11-28 11:14:00,-0.34939639832578084
2019-11-28 11:16:00,-0.3409190133483111
2019-11-28 11:18:00,-0.3323171750810692
2019-11-28 11:20:00,-0.32359426538713704
2019-11-28 11:22:00,-0.3147537729945893
2019-11-28 11:24:00,-0.3057992876897217
2019-11-28 11:26:00,-0.2967345010720019
2019-11-28 11:28:00,-0.2875631997639007
2019-11-28 11:30:00,-0.27828926295813483
2019-11-28 11:32:00,-0.2689166552041428
2019-11-28 11:34:00,-0.2594494268616559
2019-11-28 11:36:00,-0.24989170748793024
2019-11-28 11:38:00,-0.2402476989866652
2019-11-28 11:40:00,-0.2305216759176139
2019-11-28 11:42:00,-0.22071797772610144
2019-11-28 11:44:00,-0.2108410057325445
2019-11-28 11:46:00,-0.20089521512056033
2019-11-28 11:48:00,-0.19088511516513365
2019-11-28 11:50:00,-0.18081526199799916
2019-11-28 11:52:00,-0.17069025125028134
2019-11-28 11:54:00,-0.1605147183003572
2019-11-28 11:56:00,-0.15029333007882636
2019-11-28 11:58:00,-0.14003078195151406
2019-11-28 12:00:00,-0.1297317894670613
2019-11-28 12:02:00,-0.11940108873196101
2019-11-28 12:04:00,-0.10904342908542648
2019-11-28 12:06:00,-0.09866356576531195
2019-11-28 12:08:00,-0.08826626044740778
2019-11-28 12:10:00,-0.07785627315969153
2019-11-28 12:12:00,-0.06743835947132502
2019-11-28 12:14:00,-0.05701726251846478
2019-11-28 12:16:00,-0.04659771384186084
2019-11-28 12:18:00,-0.036184426449582426
2019-11-28 12:20:00,-0.025782087974059648
2019-11-28 12:22:00,-0.015395361782993047
2019-11-28 12:24:00,-0.0050288794648091165
2019-11-28 12:26:00,0.0053127613445886545
2019-11-28 12:28:00,0.015625004223611183
2019-11-28 12:30:00,0.02590333243934888
2019-11-28 12:32:00,0.036143275111418835
2019-11-28 12:34:00,0.04634041319499075
2019-11-28 12:36:00,0.05649037761764409
2019-11-28 12:38:00,0.06658885586611313
2019-11-28 12:40:00,0.07663159329623284
2019-11-28 12:42:00,0.08661439936104127
2019-11-28 12:44:00,0.09653314527903094
2019-11-28 12:46:00,0.10638376915455594
2019-11-28 12:48:00,0.11616228085121955
2019-11-28 12:50:00,0.12586475930590965
2019-11-28 12:52:00,0.13548735714981416
2019-11-28 12:54:00,0.14502630506062447
2019-11-28 12:56:00,0.15447790872921205
2019-11-28 12:58:00,0.16383855374444437
2019-11-28 13:00:00,0.1731047055072092
2019-11-28 13:02:00,0.18227291367131682
2019-11-28 13:04:00,0.1913398086711728
2019-11-28 13:06:00,0.20030210512530888
2019-11-28 13:08:00,0.20915660493545807
2019-11-28 13:10:00,0.2179001935124436
2019-11-28 13:12:00,0.22652984337539864
2019-11-28 13:14:00,0.2350426131266924
2019-11-28 13:16:00,0.2434356505915995
2019-11-28 13:18:00,0.2517061886908454
2019-11-28 13:20:00,0.2598515476431472
2019-11-28 13:22:00,0.26786913684771935
2019-11-28 13:24:00,0.2757564505360967
2019-11-28 13:26:00,0.2835110701340137
2019-11-28 13:28:00,0.2911306624360042
2019-11-28 13:30:00,0.29861298152369053
2019-11-28 13:32:00,0.3059558641919234
2019-11-28 13:34:00,0.3131572310636554
2019-11-28 13:36:00,0.32021508738688204
2019-11-28 13:38:00,0.3271275183485141
2019-11-28 13:40:00,0.33389269033865565
2019-11-28 13:42:00,0.34050884853753555
2019-11-28 13:44:00,0.34697431777821275
2019-11-28 13:46:00,0.3532874977934255
2019-11-28 13:48:00,0.3594468634340336
2019-11-28 13:50:00,0.3654509645862033
2019-11-28 13:52:00,0.3712984214335298
2019-11-28 13:54:00,0.37698792483500604
2019-11-28 13:56:00,0.38251823359104936
2019-11-28 13:58:00,0.38788817448166313
2019-11-28 14:00:00,0.3930966376400517
2019-11-28 14:02:00,0.39814257612299103
2019-11-28 14:04:00,0.40302500520752793
2019-11-28 14:06:00,0.4077429979180521
2019-11-28 14:08:00,0.41229568477898204
2019-11-28 14:10:00,0.41668225106002277
2019-11-28 14:12:00,0.42090193626346195
2019-11-28 14:14:00,0.424954029949531
2019-11-28 14:16:00,0.4288378709414204
2019-11-28 14:18:00,0.43255284629091756
2019-11-28 14:20:00,0.43609838739694573
2019-11-28 14:22:00,0.43947396914369397
2019-11-28 14:24:00,0.4426791088149501
2019-11-28 14:26:00,0.4457133625636496
2019-11-28 14:28:00,0.44857632476888093
2019-11-28 14:30:00,0.4512676257879364
2019-11-28 14:32:00,0.4537869311599933
2019-11-28 14:34:00,0.4561339386291353
2019-11-28 14:36:00,0.45830837732890994
2019-11-28 14:38:00,0.4603100067785018
2019-11-28 14:40:00,0.46213861438021553
2019-11-28 14:42:00,0.46379401483570726
2019-11-28 14:44:00,0.4652760485986393
2019-11-28 14:46:00,0.46658458120709084
2019-11-28 14:48:00,0.46771950148353764
2019-11-28 14:50:00,0.4686807210177166
2019-11-28 14:52:00,0.46946817349079917
2019-11-28 14:54:00,0.47008181344674155
2019-11-28 14:56:00,0.4705216159940418
2019-11-28 14:58:00,0.4707875761809625
2019-11-28 15:00:00,0.47087970866410844
2019-11-28 15:02:00,0.47079804728696256
2019-11-28 15:04:00,0.47054264504500326
2019-11-28 15:06:00,0.470113573910774
2019-11-28 15:08:00,0.4695109250407339
2019-11-28 15:10:00,0.46873480890717745
2019-11-28 15:12:00,0.46778535572747554
2019-11-28 15:14:00,0.4666627155850494
2019-11-28 15:16:00,0.46536705948619883
2019-11-28 15:18:00,0.46389857989091826
2019-11-28 15:20:00,0.46225749110678743
2019-11-28 15:22:00,0.4604440309787311
2019-11-28 15:24:00,0.4584584614834467
2019-11-28 15:26:00,0.4563010702245465
2019-11-28 15:28:00,0.4539721710025226
2019-11-28 15:30:00,0.451472106320908
2019-11-28 15:32:00,0.4488012484395399
2019-11-28 15:34:00,0.445960000275829
2019-11-28 15:36:00,0.44294879848745955
2019-11-28 15:38:00,0.4397681144279784
2019-11-28 15:40:00,0.43641845658041123
2019-11-28 15:42:00,0.43290037143590593
2019-11-28 15:44:00,0.42921444727520225
2019-11-28 15:46:00,0.42536131556111934
2019-11-28 15:48:00,0.42134165214586167
2019-11-28 15:50:00,0.41715618150940936
2019-11-28 15:52:00,0.4128056782073047
2019-11-28 15:54:00,0.40829096811422033
2019-11-28 15:56:00,0.40361293304994306
2019-11-28 15:58:00,0.3987725118019871
2019-11-28 16:00:00,0.3937707033976961
2019-11-28 16:02:00,0.388608567914061
2019-11-28 16:04:00,0.38328723149650656
2019-11-28 16:06:00,0.3778078876578008
2019-11-28 16:08:00,0.3721717983206589
2019-11-28 16:10:00,0.3663802990280935
2019-11-28 16:12:00,0.3604347995381782
2019-11-28 16:14:00,0.35433678716707456
2019-11-28 16:16:00,0.3480878270486019
2019-11-28 16:18:00,0.34168956745194234
2019-11-28 16:20:00,0.3351437404788975
2019-11-28 16:22:00,0.32845216244931486
2019-11-28 16:24:00,0.3216167391842283
2019-11-28 16:26:00,0.3146394657073863
2019-11-28 16:28:00,0.30752242915712624
2019-11-28 16:30:00,0.3002678080286242
2019-11-28 16:32:00,0.2928778772570053
2019-11-28 16:34:00,0.2853550078362025
2019-11-28 16:36:00,0.2777016660782868
2019-11-28 16:38:00,0.2699204184347294
2019-11-28 16:40:00,0.2620139298494934
2019-11-28 16:42:00,0.25398496574495755
2019-11-28 16:44:00,0.24583638981298797
2019-11-28 16:46:00,0.23757116834930497
2019-11-28 16:48:00,0.2291923683703123
2019-11-28 16:50:00,0.220703155342942
2019-11-28 16:52:00,0.21210679706236638
2019-11-28 16:54:00,0.20340666029259
2019-11-28 16:56:00,0.19460621141835896
2019-11-28 16:58:00,0.18570901246614932
2019-11-28 17:00:00,0.17671872427407892
2019-11-28 17:02:00,0.1676391028179561
2019-11-28 17:04:00,0.15847399515460822
2019-11-28 17:06:00,0.1492273420059655
2019-11-28 17:08:00,0.139903172493867
2019-11-28 17:10:00,0.13050560321398139
2019-11-28 17:12:00,0.12103883235899987
2019-11-28 17:14:00,0.11150714148078714
2019-11-28 17:16:00,0.10191488994423303
2019-11-28 17:18:00,0.09226650904271508
2019-11-28 17:20:00,0.0825665031375228
2019-11-28 17:22:00,0.07281944334695392
2019-11-28 17:24:00,0.06302996092927701
2019-11-28 17:26:00,0.053202747816003315
2019-11-28 17:28:00,0.043342548761941734
2019-11-28 17:30:00,0.033454158195616514
2019-11-28 17:32:00,0.023542411905825122
2019-11-28 17:34:00,0.013612186827147137
2019-11-28 17:36:00,0.0036683931892792726
2019-11-28 17:38:00,-0.006284033534377995
2019-11-28 17:40:00,-0.016240133331274522
2019-11-28 17:42:00,-0.02619493083955277
2019-11-28 17:44:00,-0.036143439676543605
2019-11-28 17:46:00,-0.04608067189432759
2019-11-28 17:48:00,-0.05600163920857687
2019-11-28 17:50:00,-0.06590136183727413
2019-11-28 17:52:00,-0.07577487739867417
2019-11-28 17:54:00,-0.08561724241551992
2019-11-28 17:56:00,-0.09542354217340496
2019-11-28 17:58:00,-0.10518889564788472
2019-11-28 18:00:00,-0.11490846537111513
2019-11-28 18:02:00,-0.12457745912089395
2019-11-28 18:04:00,-0.13419113898416773
2019-11-28 18:06:00,-0.14374483031532606
2019-11-28 18:08:00,-0.1532339234145677
2019-11-28 18:10:00,-0.16265388320660173
2019-11-28 18:12:00,-0.17200025402178182
2019-11-28 18:14:00,-0.18126866899487884
2019-11-28 18:16:00,-0.19045485151973535
2019-11-28 18:18:00,-0.1995546236531725
2019-11-28 18:20:00,-0.20856391424477871
2019-11-28 18:22:00,-0.21747876006553218
2019-11-28 18:24:00,-0.2262953143881585
2019-11-28 18:26:00,-0.23500985081626147
2019-11-28 18:28:00,-0.24361877130299409
2019-11-28 18:30:00,-0.252118606641514
2019-11-28 18:32:00,-0.26050602332402933
2019-11-28 18:34:00,-0.26877782997470245
2019-11-28 18:36:00,-0.2769309772203743
2019-11-28 18:38:00,-0.28496256431255734
2019-11-28 18:40:00,-0.29286984126041776
2019-11-28 18:42:00,-0.3006502146558276
2019-11-28 18:44:00,-0.30830124655545793
2019-11-28 18:46:00,-0.31582065904129397
2019-11-28 18:48:00,-0.3232063382407603
2019-11-28 18:50:00,-0.3304563323688611
2019-11-28 18:52:00,-0.3375688551323044
2019-11-28 18:54:00,-0.34454228856026325
2019-11-28 18:56:00,-0.3513751801460189
2019-11-28 18:58:00,-0.35806624558270816
2019-11-28 19:00:00,-0.36461436757468824
2019-11-28 19:02:00,-0.37101859759115907
2019-11-28 19:04:00,-0.37727815175543067
2019-11-28 19:06:00,-0.38339241134038093
2019-11-28 19:08:00,-0.38936092265806943
2019-11-28 19:10:00,-0.39518339200545094
2019-11-28 19:12:00,-0.4008596853641241
2019-11-28 19:14:00,-0.4063898246826352
2019-11-28 19:16:00,-0.4117739866024442
2019-11-28 19:18:00,-0.4170124961928334
2019-11-28 19:20:00,-0.4221058245517378
2019-11-28 19:22:00,-0.42705458583450556
2019-11-28 19:24:00,-0.431859530152462
2019-11-28 19:26:00,-0.43652154042026214
2019-11-28 19:28:00,-0.4410416263566255
2019-11-28 19:30:00,-0.44542092048624266
2019-11-28 19:32:00,-0.4496606700702399
2019-11-28 19:34:00,-0.45376223221861356
2019-11-28 19:36:00,-0.45772706852720835
2019-11-28 19:38:00,-0.4615567364246797
2019-11-28 19:40:00,-0.46525288373693185
2019-11-28 19:42:00,-0.46881724100827277
2019-11-28 19:44:00,-0.47225161545410455
2019-11-28 19:46:00,-0.4755578817612526
2019-11-28 19:48:00,-0.4787379754690287
2019-11-28 19:50:00,-0.4817938860212387
2019-11-28 19:52:00,-0.4847276473528959
2019-11-28 19:54:00,-0.4875413310590562
2019-11-28 19:56:00,-0.4902370379223698
2019-11-28 19:58:00,-0.49281689077764024
2019-11-28 20:00:00,-0.4952830250995817
2019-11-28 20:02:00,-0.4976375816617781
2019-11-28 20:04:00,-0.49988269904166305
2019-11-28 20:06:00,-0.5020205044326935
2019-11-28 20:08:00,-0.5040531065018096
2019-11-28 20:10:00,-0.5059825871742349
2019-11-28 20:12:00,-0.5078109945237211
2019-11-28 20:14:00,-0.5095403341843266
2019-11-28 20:16:00,-0.5111725624065677
2019-11-28 20:18:00,-0.5127095791372714
2019-11-28 20:20:00,-0.5141532200999669
2019-11-28 20:22:00,-0.515505250356352
2019-11-28 20:24:00,-0.5167673579616193
2019-11-28 20:26:00,-0.5179411468894186
2019-11-28 20:28:00,-0.5190281313701872
2019-11-28 20:30:00,-0.5200297298618638
2019-11-28 20:32:00,-0.5209472598546866
2019-11-28 20:34:00,-0.521781932167965
2019-11-28 20:36:00,-0.5225348463730803
2019-11-28 20:38:00,-0.5232069864453989
2019-11-28 20:40:00,-0.5237992162470001
2019-11-28 20:42:00,-0.5243122760268976
2019-11-28 20:44:00,-0.524746778953504
2019-11-28 20:46:00,-0.5251032082871204
2019-11-28 20:48:00,-0.5253819146051729
2019-11-28 20:50:00,-0.5255831138026567
2019-11-28 20:52:00,-0.5257068854000476
2019-11-28 20:54:00,-0.5257531711589999
2019-11-28 20:56:00,-0.5257217743075555
2019-11-28 20:58:00,-0.5256123591210722
2019-11-28 21:00:00,-0.5254244509065644
2019-11-28 21:02:00,-0.5251574365245661
2019-11-28 21:04:00,-0.5248105652968025
2019-11-28 21:06:00,-0.5243829502307296
2019-11-28 21:08:00,-0.5238735699683117
2019-11-28 21:10:00,-0.5232812708790876
2019-11-28 21:12:00,-0.5226047697709594
2019-11-28 21:14:00,-0.5218426566961957
2019-11-28 21:16:00,-0.5209933987380325
2019-11-28 21:18:00,-0.520055343717158
2019-11-28 21:20:00,-0.5190267241531595
2019-11-28 21:22:00,-0.517905662340981
2019-11-28 21:24:00,-0.5166901750107874
2019-11-28 21:26:00,-0.5153781788316407
2019-11-28 21:28:00,-0.5139674956113576
2019-11-28 21:30:00,-0.5124558589210957
2019-11-28 21:32:00,-0.5108409200690937
2019-11-28 21:34:00,-0.5091202542050303
2019-11-28 21:36:00,-0.5072913679450493
2019-11-28 21:38:00,-0.5053517058978981
2019-11-28 21:40:00,-0.5032986582573368
2019-11-28 21:42:00,-0.5011295675942767
2019-11-28 21:44:00,-0.4988417375634482
2019-11-28 21:46:00,-0.4964324402695899
2019-11-28 21:48:00,-0.4938989235958634
2019-11-28 21:50:00,-0.4912384205134485
2019-11-28 21:52:00,-0.4884481567187011
2019-11-28 21:54:00,-0.4855253581529087
2019-11-28 21:56:00,-0.48246726072591817
2019-11-28 21:58:00,-0.4792711177410774
2019-11-28 22:00:00,-0.47593420876435205
2019-11-28 22:02:00,-0.47245384683180036
2019-11-28 22:04:00,-0.4688273884257736
2019-11-28 22:06:00,-0.46505224092719133
2019-11-28 22:08:00,-0.46112586976316267
2019-11-28 22:10:00,-0.4570458083511691
2019-11-28 22:12:00,-0.45280966476448575
2019-11-28 22:14:00,-0.4484151301873451
2019-11-28 22:16:00,-0.4438599850293597
2019-11-28 22:18:00,-0.43914210854762026
2019-11-28 22:20:00,-0.43425948500736367
2019-11-28 22:22:00,-0.429210209370691
2019-11-28 22:24:00,-0.4239924964854764
2019-11-28 22:26:00,-0.41860468593472705
2019-11-28 22:28:00,-0.4130452491071559
2019-11-28 22:30:00,-0.40731279322129255
2019-11-28 22:32:00,-0.40140606971674037
2019-11-28 22:34:00,-0.39532397819716647
2019-11-28 22:36:00,-0.3890655697778045
2019-11-28 22:38:00,-0.38263005474274003
2019-11-28 22:40:00,-0.37601680476492255
2019-11-28 22:42:00,-0.3692253578662699
2019-11-28 22:44:00,-0.3622554196351096
2019-11-28 22:46:00,-0.35510686977250516
2019-11-28 22:48:00,-0.34777976319828724
2019-11-28 22:50:00,-0.34027433049853956
2019-11-28 22:52:00,-0.332590983575085
2019-11-28 22:54:00,-0.3247303147731848
2019-11-28 22:56:00,-0.3166930993420835
2019-11-28 22:58:00,-0.30848029350162176
2019-11-28 23:00:00,-0.30009303886472694
2019-11-28 23:02:00,-0.29153266046877796
2019-11-28 23:04:00,-0.28280066415324046
2019-11-28 23:06:00,-0.27389874007456305
2019-11-28 23:08:00,-0.26482875867886
2019-11-28 23:10:00,-0.2555927706467407
2019-11-28 23:12:00,-0.2461930018685959
2019-11-28 23:14:00,-0.23663185581620422
2019-11-28 23:16:00,-0.2269119086572503
2019-11-28 23:18:00,-0.2170359037861744
2019-11-28 23:20:00,-0.20700675341926572
2019-11-28 23:22:00,-0.19682753259697572
2019-11-28 23:24:00,-0.1865014726499428
2019-11-28 23:26:00,-0.17603196210991587
2019-11-28 23:28:00,-0.16542253882205052
2019-11-28 23:30:00,-0.1546768869470866
2019-11-28 23:32:00,-0.1437988283470386
2019-11-28 23:34:00,-0.13279232275624256
2019-11-28 23:36:00,-0.1216614596765699
2019-11-28 23:38:00,-0.11041044987766523
2019-11-28 23:40:00,-0.09904362515837653
2019-11-28 23:42:00,-0.08756542862028556
2019-11-28 23:44:00,-0.0759804104159336
2019-11-28 23:46:00,-0.06429321756757263
2019-11-28 23:48:00,-0.052508593390419155
2019-11-28 23:50:00,-0.04063136811464756
2019-11-28 23:52:00,-0.02866644927997603
2019-11-28 23:54:00,-0.016618821064513987
2019-11-28 23:56:00,-0.004493533619382443
2019-11-28 23:58:00,0.007704301633020236
2019-11-29 00:00:00,0.01996952282477798
